<?xml version="1.0" encoding="UTF-8"?>
<project-private xmlns="http://www.netbeans.org/ns/project-private/1">
    <editor-bookmarks xmlns="http://www.netbeans.org/ns/editor-bookmarks/2" lastBookmarkId="0"/>
    <open-files xmlns="http://www.netbeans.org/ns/projectui-open-files/2">
        <group>
            <file>file:/P:/BLC%202nd/L2T1/CSE215-%20OOP%20Lab/Project/Java%20My%20Project/My%20Project%20Source%20Code/RMS/RestoCafe_RMS/src/restocafe_rms/Feedback.java</file>
            <file>file:/P:/BLC%202nd/L2T1/CSE215-%20OOP%20Lab/Project/Java%20My%20Project/My%20Project%20Source%20Code/RMS/RestoCafe_RMS/src/restocafe_rms/SignupForget.java</file>
            <file>file:/P:/BLC%202nd/L2T1/CSE215-%20OOP%20Lab/Project/Java%20My%20Project/My%20Project%20Source%20Code/RMS/RestoCafe_RMS/src/restocafe_rms/GetStarted.java</file>
            <file>file:/P:/BLC%202nd/L2T1/CSE215-%20OOP%20Lab/Project/Java%20My%20Project/My%20Project%20Source%20Code/RMS/RestoCafe_RMS/src/restocafe_rms/Dashboard.java</file>
        </group>
    </open-files>
</project-private>
